,Aspen,longitude,lattitude
7377,1,-107.064308,39.53503397
20806,1,-107.5189919,40.36642202
19386,1,-108.578033,37.72402271
16356,1,-107.4882957,39.79541792
7864,1,-105.0166909,37.89109393
3034,1,-107.5814645,39.8194111
522,1,-106.6045696,36.10836562
3717,1,-108.1585187,38.87773695
3456,1,-108.1659826,37.56229446
3914,1,-107.4573015,40.4287628
13083,1,-105.6878285,40.05504073
10104,1,-107.6938306,39.19264024
2292,1,-106.2886055,40.44219334
20096,1,-105.9739593,40.45841342
3235,1,-107.2020809,41.19474616
12994,1,-106.2667998,38.7062255
19395,1,-106.8720741,38.31632129
1273,1,-105.6845371,42.39727119
2249,1,-107.2968645,38.06017964
4512,1,-106.3326666,36.76489253
2010,1,-107.7451804,37.69197584
4950,1,-106.2432544,36.82744052
17696,1,-105.3262735,39.29225902
519,1,-106.3162392,40.93357289
10816,1,-106.5186561,35.71326859
16332,1,-105.0381671,38.04300062
17227,1,-106.5272403,36.86534146
13282,1,-106.0092099,41.07362576
6604,1,-107.181525,41.16045826
170,1,-107.1788389,40.55753693
2947,1,-106.7896875,40.24963329
14392,1,-107.4363594,41.13246886
517,1,-105.0359574,37.41704882
3077,1,-107.4565558,38.49315961
7759,1,-104.2497944,37.02365141
12636,1,-107.0029077,37.88122072
10143,1,-106.5230732,37.23799184
18229,1,-104.6185186,37.25123638
11680,1,-106.4385067,41.41078861
18175,1,-106.5026929,37.39615001
8842,1,-106.3457162,37.41191691
5394,1,-106.9351207,37.31286622
5850,1,-107.2354084,39.78826616
11090,1,-106.9415562,40.67913241
7396,1,-107.3080394,38.00752834
11007,1,-106.4620267,41.51645975
10460,1,-107.2541223,38.55537337
4679,1,-104.5403963,37.15162958
14273,1,-106.9971524,37.83304976
11314,1,-107.2403295,39.65676741
447,1,-107.1836977,38.16224982
17950,1,-106.932691,39.33392119
13623,1,-108.134611,38.39820056
17408,1,-106.5968174,37.46338564
20362,1,-105.1725917,39.60970223
15032,1,-106.4338864,36.66775436
4699,1,-107.336245,39.43841689
2715,1,-106.3350945,38.65931926
12404,1,-106.5442833,41.48758807
7493,1,-107.1728386,41.32206528
11353,1,-105.4321564,37.52962817
15300,1,-106.6561716,38.53755912
4641,1,-105.3948087,40.06968746
14748,1,-106.0482582,38.44488936
256,1,-104.3149245,37.06687648
10741,1,-108.1128632,39.03622503
20756,1,-105.4372775,39.62435793
1610,1,-105.1608424,37.93512109
11383,1,-106.8585881,39.88207143
7872,1,-106.2540037,37.09748189
7315,1,-106.4096424,38.08865657
3899,1,-107.715012,37.82801437
548,1,-107.0013991,37.4393162
9589,1,-107.3777059,39.11398069
18377,1,-105.177566,36.62154474
19487,1,-106.1287583,40.40368037
17111,1,-106.8438723,35.92782448
5112,1,-106.6866651,36.02819109
6662,1,-107.1274963,40.32759127
12268,1,-106.2527461,39.66382073
12043,1,-105.0890464,39.29621312
17605,1,-106.4661913,37.22884929
20329,1,-106.9419293,38.55083104
12561,1,-106.6565137,39.40529269
19710,1,-108.0612626,37.44355721
8622,1,-106.1236089,41.46942801
6882,1,-107.5031998,39.00215842
19803,1,-106.0516953,38.35001961
18429,1,-108.0327279,38.95771114
10374,1,-105.8571329,40.7876051
5338,1,-107.0043534,39.22758489
12400,1,-107.8196035,39.29377331
2204,1,-104.5044669,37.06349626
14507,1,-104.9777278,37.91629685
8000,1,-107.2052423,37.2906762
7818,1,-107.4423782,38.01173978
2286,1,-106.2811967,40.1517785
13197,1,-107.7822649,39.38941121
4629,1,-106.8240606,37.42798602
12190,1,-107.0583882,39.43055825
14015,1,-105.0331636,39.19617666
11103,1,-107.2295209,39.47793653
13431,1,-106.277317,39.63298458
5631,1,-106.0306006,41.19678904
5050,1,-107.1272632,38.96718926
4197,1,-107.5491962,40.01085307
3038,1,-107.1599645,40.57585203
4091,1,-106.6742521,37.94776481
11889,1,-105.838038,42.48569185
7898,1,-105.6013574,38.09466048
4283,1,-107.3393301,40.71920414
16401,1,-106.1547981,39.76665647
6996,1,-105.085313,39.44600015
8763,1,-106.1505807,41.08481436
16615,1,-107.4626565,40.43702923
9801,1,-106.461205,37.98193779
11322,1,-107.8455472,37.42131466
10973,1,-106.3367935,36.87222712
7972,1,-107.2396244,40.99131542
11667,1,-105.5705758,40.87608493
19904,1,-108.7903497,37.85220176
7724,1,-106.544254,40.09469413
19884,1,-107.431643,38.65310378
16817,1,-107.1696995,41.2743838
6015,1,-106.0859743,40.8842884
19194,1,-107.2118138,37.385582
19254,1,-105.3337434,36.86323018
8146,1,-105.80941,40.02740166
3750,1,-104.1636472,36.88231278
5418,1,-106.7630961,36.0090886
5110,1,-105.1931408,41.21485211
15660,1,-106.8937814,36.02037657
7639,1,-106.3875835,42.72713672
21378,1,-106.7864037,37.65362542
17567,1,-107.745028,39.89563721
15799,1,-107.5109518,40.06416145
8204,1,-105.9174952,39.46263283
21358,1,-105.0588789,37.28069339
7652,1,-105.7619972,38.53863312
11122,1,-105.5176584,37.87294704
8689,1,-106.6077145,39.78939605
7409,1,-107.0115415,39.32352929
17636,1,-107.4969785,40.03134984
11415,1,-106.5270837,37.50277807
13339,1,-105.4986448,36.23458747
4844,1,-107.4165005,38.50452513
17233,1,-108.0798604,37.90895432
9137,1,-106.5423526,37.61666186
9911,1,-105.6789074,39.34998258
19010,1,-105.4577568,39.21207645
14523,1,-105.8865198,39.40847553
5801,1,-108.3779237,37.90875454
5416,1,-105.1969138,39.42020371
7259,1,-107.7045605,37.80908399
8829,1,-107.5462146,39.14744255
34,1,-106.8195992,39.20414853
14105,1,-105.1870606,40.62275816
1759,1,-105.7931915,35.70777681
11738,1,-108.6818241,37.78661274
5647,1,-106.6880316,39.55761124
9986,1,-105.4747758,39.86192764
2956,1,-106.9177411,36.11144973
1399,1,-106.9030417,37.31123841
9017,1,-106.8004169,38.04680487
4479,1,-106.6456042,36.16236032
20909,1,-105.1840062,39.5187634
622,1,-107.479109,40.43508125
3986,1,-106.9039387,38.62264023
17037,1,-106.1971796,39.36412992
1056,1,-107.6751885,37.60402018
7817,1,-105.116084,37.07162509
12370,1,-107.0087284,40.68786219
11309,1,-105.1140054,37.26579697
4377,1,-105.6114815,35.89398255
11270,1,-105.9565544,40.20555232
9381,1,-107.4524296,38.26418147
15943,1,-107.3132203,39.26114655
8509,1,-106.1817682,40.06277222
16215,1,-107.1326064,40.41059587
2488,1,-106.5876002,37.37332203
16168,1,-104.9153202,37.996848
21032,1,-107.2931572,38.95459268
12410,1,-107.0549517,37.12490623
12544,1,-107.0360559,39.55436387
20068,1,-105.6034111,40.67522866
6400,1,-106.7394191,35.88064429
735,1,-106.8344898,38.34269042
4032,1,-106.7078748,37.57638936
9193,1,-107.6390766,39.12065508
12868,1,-107.5631182,39.81464014
3130,1,-105.910127,40.44791171
11209,1,-108.4450118,37.80688515
7993,1,-108.759061,38.66853342
21157,1,-105.6252533,38.07577972
13919,1,-106.9424965,38.85901537
18625,1,-105.3692782,36.69175798
3998,1,-106.4425775,39.15802154
5620,1,-105.6030512,39.78105187
11345,1,-105.6229505,37.96293417
2840,1,-107.3738711,39.10408152
1516,1,-107.1784317,39.33348329
16115,1,-106.0645592,40.59530649
8139,1,-106.5832585,39.51557146
20940,1,-106.9537201,39.22429247
12874,1,-108.0140117,37.36622149
12368,1,-107.1059439,39.85561975
1435,1,-107.7352121,39.85109739
3613,1,-106.0231569,42.50832579
18359,1,-107.4447721,39.90058383
6690,1,-107.5415141,39.43810933
5790,1,-108.2514322,38.38852812
8041,1,-105.4996806,39.46928798
5477,1,-106.2670647,38.98311815
431,1,-107.2374171,38.88029122
17053,1,-107.6408362,37.38005823
8934,1,-107.1893871,37.8575161
4022,1,-107.6907964,38.04282174
20274,1,-104.4540217,37.01412726
5407,1,-107.4229531,37.36409593
5525,1,-107.4517321,38.37011616
4800,1,-105.2060788,39.52409325
8333,1,-108.1617814,38.34911918
3866,1,-105.0582783,37.41323033
3227,1,-108.0768646,39.06560207
14740,1,-105.4566564,35.97114127
6949,1,-106.6132615,38.00316358
3082,1,-107.3085836,38.57921187
15256,1,-105.369362,40.12997992
9715,1,-106.5981579,40.40939457
15667,1,-105.3027458,36.17414274
12574,1,-106.6004867,38.87753086
850,1,-106.737023,38.09662301
19649,1,-104.3836612,37.05183638
4236,1,-106.2104867,36.42340911
13517,1,-107.2624623,37.53890928
15122,1,-107.6420237,38.19994592
1921,1,-107.4484488,37.68970338
10531,1,-106.7435282,39.49167874
7744,1,-108.1305764,38.951859
16976,1,-106.2183157,39.20067592
13698,1,-107.8144644,37.5772278
13095,1,-107.6578407,39.31497585
1840,1,-106.7442411,38.66397219
14923,1,-107.6422675,39.95327127
19279,1,-105.6006443,39.69895775
20422,1,-106.7918216,40.49089899
18974,1,-105.5390402,39.76166348
4450,1,-106.1777946,39.69909862
7781,1,-107.2769533,37.32766667
14856,1,-106.3751742,37.45304078
16068,1,-108.2303742,37.77159436
11659,1,-105.9578833,40.54084835
19872,1,-106.4759765,38.44131464
1833,1,-106.9649496,40.72149706
18466,1,-107.1970503,39.37861274
15800,1,-106.6670043,37.34919752
10211,1,-104.431434,37.12971322
19046,1,-106.2825857,38.78763939
20339,1,-106.4277249,40.51062582
15814,1,-106.554308,36.12669864
6249,1,-107.8550414,37.7953239
20998,1,-106.6812494,35.87965198
13610,1,-106.6480574,38.34446533
12181,1,-107.625877,39.74012321
15511,1,-108.56752,37.64322863
6237,1,-107.9552667,37.37246348
15819,1,-108.7501779,37.85489428
21418,1,-105.745462,35.74687809
19641,1,-105.4720254,37.86256694
10011,1,-106.8455524,39.17565832
2732,1,-105.5931853,37.91083792
12069,1,-107.1954735,37.5598744
196,1,-106.7378531,37.78361157
17027,1,-106.4026134,36.67739942
4494,1,-107.4861497,40.00962673
13627,1,-105.4238139,37.62989413
5073,1,-107.3203087,39.41596138
6619,1,-107.387988,38.58472445
7413,1,-106.428259,39.79254921
10387,1,-105.8870495,40.71353942
12396,1,-107.5836493,40.18516722
3495,1,-106.4806318,38.59333622
14653,1,-108.1713104,38.88475035
12539,1,-105.2941843,41.14255166
10565,1,-107.0835129,40.40700865
13154,1,-107.3781412,38.44265125
20682,1,-104.9549607,37.910207
19365,1,-105.5687059,36.61613014
276,1,-106.6699927,37.1795189
13562,1,-107.7547265,37.33257568
2807,1,-107.1721998,40.86588807
19430,1,-108.5984669,38.51872559
12718,1,-107.5802541,38.23859263
8020,1,-107.0093966,41.2395579
1764,1,-106.257615,40.27614013
16660,1,-107.0798781,39.90108703
6354,1,-106.8388764,36.98295576
11465,1,-105.2108778,41.27696409
15771,1,-107.0446757,40.33383919
11813,1,-107.4975904,38.90030756
12941,1,-107.2365387,38.7582667
5437,1,-107.4601622,40.31329511
13749,1,-106.247337,39.79558489
17717,1,-107.7723042,38.05813593
16683,1,-106.3467869,38.99444562
2599,1,-107.2454769,40.67213473
15011,1,-106.2213725,39.51570081
15584,1,-106.2176466,36.59208812
16134,1,-106.4378231,36.05196307
9827,1,-107.4851265,40.2470577
16455,1,-107.160255,39.47617079
186,1,-105.3492016,42.41473753
18226,1,-107.3785807,38.16972454
15450,1,-106.7402396,40.00324872
10137,1,-105.1947538,41.32102736
9730,1,-108.4450143,37.65996099
257,1,-105.913811,39.45182711
21458,1,-107.3222538,37.8256838
1778,1,-107.0484507,36.90838832
19691,1,-106.9862236,40.08784322
6979,1,-107.0417774,40.44644703
3634,1,-105.1698755,38.18537174
911,1,-106.8421797,37.77643604
13383,1,-107.2036549,37.3378456
14555,1,-107.3648004,41.38725396
4454,1,-105.7228107,39.38284636
14076,1,-108.4596473,37.77803036
20896,1,-106.8394795,41.01028298
14294,1,-107.8020327,37.39992644
15157,1,-107.9755434,37.46079768
16276,1,-108.4209991,38.4019931
3674,1,-108.4038153,38.3771408
16838,1,-106.7638868,40.32087503
5848,1,-107.5671288,39.00841313
2304,1,-106.1484965,39.57150617
11471,1,-106.7908592,40.01901726
10475,1,-107.2355265,39.92644777
1040,1,-107.0795836,40.76073853
2404,1,-105.4721602,36.63544943
8081,1,-106.63742,36.04540061
7942,1,-107.0582146,39.25913644
19699,1,-106.9280414,37.34818978
21115,1,-106.6320173,40.04136932
4213,1,-107.2546368,39.85678395
16804,1,-107.1246289,37.20531134
1448,1,-107.4094555,39.63205699
5953,1,-105.7698781,40.85324542
11060,1,-106.3746091,37.42078055
19201,1,-106.2941207,37.39731575
6209,1,-106.1738637,41.54239593
19796,1,-107.0823162,40.55948402
20093,1,-104.3882956,36.95331937
20666,1,-107.2304007,39.23004064
865,1,-105.1387599,36.42239948
18054,1,-107.5632397,39.87422756
18561,1,-105.0973052,39.43430569
19423,1,-107.1610465,39.15688022
9941,1,-105.2380645,37.23962519
15828,1,-106.9020016,37.11784029
145,1,-107.195123,37.29882362
6072,1,-106.5145827,40.38637513
633,1,-104.7359796,37.29280845
1317,1,-107.1278942,41.00205916
15809,1,-106.0831306,39.73685518
13830,1,-106.19048,40.1525979
14057,1,-105.6651163,39.55577224
2208,1,-107.2694259,38.73487073
3188,1,-106.3365092,37.14702047
8796,1,-107.4571094,40.924544
14008,1,-107.1444246,38.01738035
8518,1,-107.8351981,39.15304996
6147,1,-108.1350887,37.53346269
1431,1,-107.1339746,39.05294467
775,1,-104.9170902,37.46774062
18849,1,-105.6058604,40.99807826
10540,1,-104.9198615,39.04886248
724,1,-106.4205546,35.90795647
21264,1,-106.5925342,41.67106983
9310,1,-108.611056,38.61910241
15769,1,-106.2005289,39.69166419
7228,1,-106.0485072,40.11333579
7938,1,-104.9684108,39.18555758
4141,1,-105.7086846,35.81148701
4086,1,-105.3325464,37.73472398
4112,1,-106.3929798,38.00987741
18172,1,-105.3995188,42.24672105
14739,1,-106.8879488,36.14741764
12409,1,-107.3523714,40.32861355
13585,1,-107.315285,40.73218149
2814,1,-108.0930721,38.13658924
14910,1,-106.1116877,38.5217522
4592,1,-107.3236642,37.90693589
19169,1,-105.6692523,38.04087795
15060,1,-106.3466137,38.70376836
7468,1,-105.6725854,38.00779808
2556,1,-105.3469754,39.16419654
18855,1,-106.3296334,38.95388089
2275,1,-107.0915852,39.9571704
7073,1,-106.8314132,39.2079586
890,1,-105.2778035,38.59659047
4018,1,-107.2140552,37.26199286
19721,1,-107.2440034,37.79817241
4975,1,-107.542028,40.07723039
93,1,-107.187897,39.21790816
4611,1,-106.9190615,40.86844187
11436,1,-107.0804143,38.65522638
6419,1,-105.4521925,41.21137588
19234,1,-106.8263141,40.44005462
13347,1,-105.264661,36.95481397
9293,1,-106.321327,42.61466034
63,1,-105.647959,40.19510553
7822,1,-105.3580977,39.84741868
5158,1,-106.7747473,40.7903665
14738,1,-107.4889709,39.1366286
1911,1,-105.7921204,36.00577744
7992,1,-107.823814,39.23740269
4334,1,-108.1002667,38.04796858
9882,1,-107.4886649,39.19468687
2558,1,-107.1961625,39.04042
283,1,-105.589018,36.19876259
21106,1,-106.2534111,40.97488957
17274,1,-105.8818948,39.66878586
4693,1,-105.6666127,42.56481429
2978,1,-106.9956038,40.91583423
21298,1,-106.9722098,38.07746025
1548,1,-107.1535314,41.0923889
3212,1,-105.301758,39.99854311
14620,1,-105.8675393,40.30582764
4432,1,-105.3590682,36.64909251
18537,1,-105.5177885,36.73388292
4631,1,-107.2376395,40.32040303
13631,1,-106.1899954,42.57021142
12454,1,-107.5940993,38.07709588
11327,1,-106.9223929,40.8810774
2409,1,-105.9961,40.00078466
16704,1,-108.4340636,37.72026346
11746,1,-107.3502378,37.36428488
13659,1,-105.4754699,37.77626151
9744,1,-105.0285272,37.24016215
2951,1,-108.4259573,37.80568667
19558,1,-105.5845773,40.63144905
14082,1,-107.7747935,37.4667221
3173,1,-107.7726262,39.36408595
5495,1,-106.6794904,36.04469131
7829,1,-106.853479,39.7427721
7429,1,-105.7887022,38.55023236
16558,1,-106.5514588,37.38470137
2667,1,-106.4401595,41.1228409
11190,1,-107.5649913,38.94397193
1387,1,-107.2139262,39.16667835
135,1,-106.4023996,39.8491193
19572,1,-106.2763295,36.91598109
3775,1,-105.6678079,39.4542211
10431,1,-107.2500302,39.61366013
8937,1,-108.3340438,37.60009285
701,1,-107.4678984,37.50230615
10846,1,-107.140265,38.23018688
1091,1,-107.8982798,39.38550741
13777,1,-104.6494115,36.94075036
5587,1,-104.3989402,36.95786352
1894,1,-107.0190827,40.73591707
19687,1,-104.6914469,36.83940611
861,1,-105.3240507,36.3454495
10695,1,-105.6237063,36.17424522
10693,1,-106.5027117,36.68606943
2587,1,-106.7284421,41.03602137
17302,1,-106.357573,39.673656
12765,1,-107.6764598,37.26918082
18642,1,-107.103952,40.64785044
20814,1,-107.4797271,39.78527098
21028,1,-108.0954277,38.10464532
7616,1,-106.4362941,40.40351759
14303,1,-107.6230291,39.78015914
827,1,-105.5993299,38.2428734
20235,1,-104.9213765,37.30882239
7673,1,-105.874506,42.48080276
15791,1,-105.6700958,40.71917114
15253,1,-105.4899963,39.78518473
6314,1,-105.5394218,38.8283539
12537,1,-107.4923498,37.32208185
5069,1,-107.1106271,39.51358674
17657,1,-104.9982772,37.95000259
16251,1,-106.5661579,40.82807656
16289,1,-105.2388332,36.87356702
21038,1,-107.142313,41.11917827
6033,1,-106.701023,40.04827634
3991,1,-105.6548361,39.76012659
4186,1,-108.2289546,38.38300032
1507,1,-104.8401913,38.93928126
8230,1,-106.9072582,37.26551389
19439,1,-105.2578868,36.34669247
2062,1,-105.5224038,39.84777816
16774,1,-108.2058081,37.40247283
12861,1,-108.381641,37.72382608
15757,1,-107.2209618,41.41469395
337,1,-105.2815967,39.97035411
8824,1,-106.0630732,42.58860729
19838,1,-105.4677609,39.62079321
9802,1,-106.7562034,40.89945104
19122,1,-108.7262291,38.74940876
3357,1,-107.429628,40.93669083
20849,1,-104.5737384,37.05168835
12495,1,-105.0820284,38.68422353
11368,1,-105.4071901,37.47139907
1941,1,-106.4507417,37.13896625
6778,1,-106.7557332,36.28707593
1463,1,-105.860847,40.85018258
12917,1,-107.4308316,39.3416733
20990,1,-106.5689708,40.0024547
19425,1,-106.3037377,37.15551912
11808,1,-106.481848,38.62868206
12976,1,-106.2600772,40.46885718
967,1,-106.8157976,38.79067413
15136,1,-105.1033398,37.99921022
968,1,-107.2281174,39.41277198
15598,1,-106.9402439,37.77612468
21285,1,-107.8635963,38.96122739
3933,1,-107.4959445,37.94653722
9453,1,-106.4021052,36.57113934
18147,1,-105.7391877,39.66511676
17872,1,-105.0517232,37.22345915
1282,1,-108.0747417,37.66170033
17136,1,-106.9941122,38.65714754
17840,1,-108.3900975,37.90820181
9318,1,-107.2130594,38.55149156
12920,1,-106.8883326,37.10650031
21317,1,-107.9762841,37.1796903
4008,1,-106.2766832,41.57638127
20179,1,-107.9569923,37.52393552
21291,1,-106.9366007,40.36875344
5827,1,-106.3162385,36.85025052
13457,1,-107.6029334,39.87035606
16468,1,-107.4575697,38.94718307
8631,1,-106.5652688,38.28230385
17945,1,-107.4314707,40.7396173
198,1,-106.4614393,37.06306668
3773,1,-108.0176706,38.0063976
7984,1,-105.0080114,37.42567009
18675,1,-106.8114896,37.31318101
10994,1,-108.1298859,38.25255874
5272,1,-107.1115129,39.13862931
4987,1,-105.2764519,37.30036405
8249,1,-105.3389485,36.24754982
124,1,-105.3815861,40.3851539
4361,1,-106.8825599,40.1571545
10773,1,-106.913943,40.45329986
16946,1,-108.1609556,37.7221628
16180,1,-105.5216653,39.93419238
757,1,-106.5919486,39.16365608
4266,1,-106.825631,37.49674759
2861,1,-106.9346109,41.19345516
9499,1,-107.0648173,38.78261935
19084,1,-104.5810337,36.96661812
14197,1,-108.3276865,37.90999833
7823,1,-106.5243263,41.68325989
10231,1,-107.5083652,37.46745337
17939,1,-105.4211744,39.1354487
7635,1,-105.6010114,35.91160258
7472,1,-106.7800172,39.76522985
9835,1,-106.2808361,40.16398006
5439,1,-106.1459048,37.04706865
1698,1,-105.3236986,36.84383105
17017,1,-108.4546821,38.55830692
5559,1,-106.3862762,37.42336476
18935,1,-106.4599996,37.88517166
6722,1,-107.4117797,38.42157924
10258,1,-106.3551463,38.83269461
5629,1,-106.4101476,37.1781596
20206,1,-105.1964767,39.56758952
14285,1,-106.8509469,39.95605835
17812,1,-107.2286047,37.32974741
21131,1,-107.7375357,38.89700235
512,1,-105.9550762,40.57507185
91,1,-105.4393537,37.54608832
14368,1,-108.2689677,37.647433
19310,1,-105.0104671,37.23970936
13784,1,-106.3990583,39.89449656
18440,1,-108.0125684,37.32351461
16358,1,-107.2226695,38.12700102
11937,1,-105.6025417,39.28059914
9629,1,-108.0042745,39.00953841
7194,1,-106.3810677,41.11292375
9434,1,-108.0139217,39.09198088
10947,1,-107.5968592,37.34950516
1926,1,-105.5753714,38.23605103
3079,1,-108.1064272,38.19441733
11679,1,-105.3234639,40.49414404
3670,1,-106.8827631,39.59136
11986,1,-107.3349913,39.35172025
1287,1,-106.4835605,35.81074606
3041,1,-106.7059044,38.9965442
8402,1,-108.1143837,38.25478716
2902,1,-107.1522351,40.63344085
13208,1,-107.1197441,37.172691
6014,1,-105.0594513,37.34824613
14996,1,-106.3574357,37.47256496
7294,1,-108.4749345,37.82100426
14025,1,-104.950073,37.37928957
3566,1,-106.146996,38.34101339
17831,1,-104.8757647,37.5001381
437,1,-105.9403859,40.22141182
3165,1,-105.6973962,38.78831301
9630,1,-106.8264735,38.11713652
12507,1,-107.0932466,38.0662536
14893,1,-105.0905346,38.70364788
6311,1,-106.8256891,37.6670656
7317,1,-106.9492891,39.16089178
9492,1,-107.6891454,39.12440902
6511,1,-106.7471777,36.94429909
7219,1,-105.3795759,39.98392463
14321,1,-106.4562688,36.96792517
3759,1,-106.3679379,36.79614409
5015,1,-106.4972415,40.2502248
16630,1,-107.4046877,39.03115169
5885,1,-107.5960297,39.01945666
21382,1,-106.7257603,37.28388422
13319,1,-106.4745533,36.71529183
17193,1,-105.1172935,36.29557086
3681,1,-107.134259,40.64662347
2673,1,-106.0022976,41.12902848
21499,1,-104.9232674,39.17410468
18037,1,-105.5968312,36.06324213
18099,1,-105.2169204,40.48940855
5186,1,-106.4991123,37.79539717
19204,1,-105.7035384,35.75341328
16254,1,-107.2130491,37.13025565
8668,1,-105.6586659,38.08134727
9904,1,-107.4883962,39.85005968
3293,1,-106.1091355,41.36388885
20707,1,-106.5004578,35.77718366
15723,1,-105.3518496,39.50848713
6505,1,-107.0440912,37.3597818
14980,1,-106.9752768,39.88518704
3002,1,-106.6250535,37.52007897
5594,1,-106.3281101,36.4975274
11137,1,-105.2256956,39.55608027
9740,1,-107.4899518,40.16206585
7625,1,-106.3664602,37.25109873
21277,1,-107.4511718,39.61294948
9541,1,-105.032463,36.40939352
9071,1,-107.2194217,41.09337296
1228,1,-105.3913662,36.1841449
20188,1,-106.7913386,40.80451547
4094,1,-107.3264886,37.70608137
17106,1,-105.4549076,37.5648009
9320,1,-106.5903541,38.7796753
12028,1,-106.1525676,40.39407703
15418,1,-106.4031972,37.31896593
965,1,-107.8606014,38.06696675
16749,1,-106.639577,40.98382105
15147,1,-107.4458323,37.45041388
6255,1,-107.1754257,39.73700609
21352,1,-107.2354141,40.24130335
11839,1,-106.7735396,40.70115206
7378,1,-106.8793941,38.82530824
5904,1,-106.842374,41.14467159
10218,1,-105.7751906,42.57328795
8604,1,-108.738285,37.80777532
7965,1,-108.552998,38.55214568
18638,1,-106.3976619,38.7329428
19014,1,-107.4985968,39.34503087
2918,1,-107.3245082,39.2542732
16422,1,-106.1020756,39.63384002
10732,1,-105.9902436,39.75074618
8584,1,-105.8595373,40.72741194
8471,1,-108.0147326,37.94969753
21167,1,-106.0710134,38.35664462
9512,1,-105.9286752,40.50623441
13917,1,-105.2129018,36.22599508
8811,1,-105.6112357,42.11197606
7806,1,-107.0805097,37.35545566
2099,1,-106.9682076,37.59431743
11427,1,-106.4535878,40.48851586
3111,1,-106.9622774,38.98328963
10640,1,-106.3769397,37.00725353
21143,1,-105.883926,39.57749944
13714,1,-105.4956438,36.51983704
5415,1,-106.9087913,40.62242894
12496,1,-106.5093651,37.50422689
14462,1,-106.4163434,39.79695627
18399,1,-108.4778641,38.47359036
1300,1,-106.819417,39.77054981
17656,1,-107.196407,40.80962411
6705,1,-105.3769392,42.52527246
20348,1,-105.6061519,40.65160793
10972,1,-107.7178409,38.88858664
20401,1,-105.2691202,36.91360873
19210,1,-107.3032798,38.53660853
11261,1,-106.3494412,38.38097079
1479,1,-108.6571936,37.74860021
13465,1,-105.7136425,39.65410142
4098,1,-105.9457752,38.35364739
6667,1,-105.539473,37.86281313
20023,1,-107.263695,40.70157569
11505,1,-105.3400635,40.60047884
2167,1,-106.8102718,40.53263886
21050,1,-106.3607951,37.45164969
5816,1,-105.8679542,40.07812662
12690,1,-106.3710074,38.34944099
17864,1,-107.0279872,38.99822804
1768,1,-106.0982126,40.85365278
17749,1,-106.5601148,39.02681456
7716,1,-107.4700995,37.36195756
9332,1,-106.9539736,40.21274563
12674,1,-104.6294615,37.27845509
16183,1,-106.0826189,39.31658273
9128,1,-106.5656375,36.86295644
20778,1,-107.5349638,40.28383304
19048,1,-107.5947204,39.6918984
10484,1,-107.2987935,40.90515359
12081,1,-107.4342309,40.24039918
9923,1,-106.8668056,39.49604179
16291,1,-105.087838,38.67544302
18348,1,-107.1851733,40.09822816
8748,1,-106.2964109,40.36873923
3171,1,-106.037209,40.17090546
3026,1,-105.1594567,36.18229048
11481,1,-107.7940877,37.41390432
5234,1,-106.964783,37.7820351
8222,1,-107.1633548,39.20895669
12799,1,-106.9627482,39.5107636
20326,1,-104.907747,36.31851562
11336,1,-106.2603023,39.83644261
1495,1,-105.0810088,37.02254249
6253,1,-106.6374,38.29393042
1268,1,-106.1998558,39.43552641
2632,1,-106.5253657,38.37469029
9832,1,-104.8687571,37.38982138
15439,1,-106.4302018,38.24711673
11603,1,-106.1963342,39.88646021
12802,1,-106.9368281,40.97327441
10240,1,-108.3615276,37.68769967
17682,1,-107.1928654,39.13226575
7080,1,-105.7813019,35.89874808
11354,1,-105.202332,36.89239164
19091,1,-106.388724,37.18024003
8570,1,-106.0130276,40.07028766
19698,1,-105.7967919,39.95597062
16692,1,-108.6917686,37.74807757
5054,1,-106.9780102,37.44207435
14179,1,-106.6114047,36.09041377
19667,1,-106.2410853,36.94893078
8867,1,-106.2733092,40.39942441
14715,1,-105.8272115,35.89874072
842,1,-106.5443526,36.96307149
6864,1,-107.7726698,38.97379482
11585,1,-106.2005538,39.32301987
20240,1,-105.067108,38.96690172
19999,1,-106.3114471,41.39417723
2620,1,-108.2857034,38.30408436
17347,1,-107.6261321,38.33439481
706,1,-107.3558427,40.25797523
18343,1,-106.40342,37.45830776
11968,1,-105.4505316,39.22004862
2183,1,-107.5184122,39.09115672
18089,1,-107.8900192,38.14616354
13689,1,-106.0473938,38.99709443
19429,1,-106.9345227,40.09245464
13475,1,-107.1605946,39.01003583
1594,1,-106.4984189,41.34396694
297,1,-106.7700016,40.57767493
7641,1,-105.867258,39.94014463
392,1,-107.3153481,38.95423514
4805,1,-106.1445365,40.10150863
6613,1,-107.1983905,38.96906235
8914,1,-108.4543976,37.74424576
6101,1,-105.868317,42.68351789
11050,1,-106.86965,38.28877355
3848,1,-105.6701444,35.85360945
9047,1,-105.2807618,42.37158433
13720,1,-108.269198,38.40573917
21223,1,-105.4705946,41.38505982
21348,1,-105.6295889,35.81580989
16132,1,-107.2095132,40.31642458
6953,1,-106.4231387,41.50651144
12216,1,-106.8710709,39.46019912
12274,1,-106.5636764,41.50593125
17446,1,-106.8580378,38.89388251
9599,1,-105.2861715,39.89447656
18032,1,-106.6254365,37.83699115
792,1,-105.1967006,38.06954659
17031,1,-106.1498952,39.82758447
20029,1,-107.1980338,41.25741933
11676,1,-106.4239086,36.02688233
19776,1,-106.363777,42.71010388
13314,1,-106.5941765,36.9436019
12114,1,-108.01954,37.40209456
10556,1,-106.3664241,41.08466465
14939,1,-106.6591028,37.00731524
15329,1,-107.0996305,39.58779501
17908,1,-107.3764319,37.21583326
5356,1,-107.0552796,38.1160336
13447,1,-106.545021,36.89731235
10820,1,-108.5910621,37.71949473
19993,1,-107.1533232,38.90880219
10496,1,-107.2545287,39.67858547
20220,1,-108.0510885,39.00566461
13757,1,-105.3524597,36.67019559
1998,1,-105.4073879,42.4225764
1075,1,-106.9749213,38.77006198
17367,1,-105.5678188,36.2159968
12354,1,-107.5470994,38.32134497
9736,1,-106.9649814,38.12221417
4518,1,-107.2889256,40.34063057
16880,1,-107.6424176,39.87800542
13336,1,-106.4405339,40.38834492
3334,1,-105.1962322,41.43000227
12465,1,-107.3470591,39.66058257
21366,1,-106.7538525,37.72651046
6676,1,-107.0163341,37.63548431
8329,1,-106.5390164,37.21680663
15996,1,-106.7897504,40.23409617
362,1,-106.4696127,37.31760814
14957,1,-106.768695,39.22711605
20134,1,-105.7774894,40.61182525
20762,1,-106.4993612,37.22977331
2004,1,-106.1145782,39.81590818
18923,1,-106.1605259,40.42871562
562,1,-107.7879302,37.32092303
3737,1,-106.9742156,40.03453904
7624,1,-106.7159016,38.11899431
7671,1,-104.205178,36.90439343
19724,1,-106.6975764,39.04916718
20423,1,-107.3629242,38.59459331
10717,1,-108.0197999,37.63825714
8872,1,-106.9103827,37.51456522
3048,1,-106.8628109,35.8360327
12357,1,-108.0079836,37.29856656
21204,1,-105.4608507,36.45585517
6646,1,-107.2587011,40.10985703
14920,1,-107.9167583,39.15867509
16213,1,-106.5412284,39.02294552
1823,1,-107.666205,37.2972748
8904,1,-107.11972,37.39493217
14463,1,-108.6177252,38.58069968
6436,1,-106.0711303,38.51306063
2827,1,-108.6824252,37.75536955
2,1,-105.7679939,35.66107004
13810,1,-104.9261442,39.12563897
18247,1,-108.1129741,37.34987073
11577,1,-105.349615,38.89703974
2744,1,-107.2400149,37.14802823
12945,1,-106.7752789,39.16595155
2218,1,-107.7322191,39.00093039
9302,1,-105.1708766,38.20730908
8525,1,-107.1972909,41.32919722
16327,1,-105.6658544,39.77679167
5857,1,-105.589453,40.08681402
624,1,-105.4403745,38.90599449
8117,1,-105.4742831,40.94098522
1879,1,-107.3246815,41.48378689
18358,1,-106.8495553,40.30210639
15576,1,-107.3351641,37.10336368
10630,1,-106.8458637,36.99119231
5722,1,-105.4709704,39.23441372
14292,1,-105.534425,36.54886711
17121,1,-106.1801132,38.4338165
16350,1,-106.2560751,38.80574288
3885,1,-105.6673657,36.06753688
12191,1,-105.5134384,36.62475671
21316,1,-105.7541693,38.54657969
11605,1,-106.0439448,40.56058235
18563,1,-107.0135708,36.96772128
9957,1,-106.2857218,40.31133858
5531,1,-107.5361258,40.20509576
8863,1,-106.8024849,39.79443
20446,1,-106.3659516,36.65789066
7299,1,-106.65396,37.92835375
9924,1,-105.5326032,35.64415889
8868,1,-105.3541602,41.21814173
536,1,-107.1943842,38.95433016
4989,1,-106.0333048,40.19583079
10532,1,-105.0914724,36.32052407
5812,1,-105.548511,36.20237549
2441,1,-106.4856725,40.07275155
6054,1,-104.4941013,37.10512216
12824,1,-107.9889756,37.27413439
17101,1,-107.7888427,39.69402721
20361,1,-107.8024577,39.21381075
13861,1,-105.4279336,38.7666442
14799,1,-105.4242293,37.91168052
4313,1,-105.212911,40.66182742
8998,1,-107.0827608,39.48687329
1356,1,-104.8907998,37.93853861
16357,1,-105.6186144,38.1684987
6526,1,-106.8135622,35.90512539
5921,1,-106.983442,38.1629651
20795,1,-106.6054125,37.57783089
10923,1,-106.5593963,37.84175236
20641,1,-106.296882,39.46746973
15115,1,-108.6942953,38.75077276
16992,1,-107.2444346,39.28007428
6643,1,-107.622642,40.13677458
1878,1,-105.5517345,40.22541816
568,1,-106.2703448,40.96255613
15821,1,-105.5009794,38.05749269
4448,1,-105.4067228,38.88914308
7481,1,-106.0063156,39.74816493
4463,1,-105.7689674,40.48552512
5961,1,-106.5238061,40.35820496
5920,1,-105.4991063,36.05839496
5417,1,-105.1088613,37.38231668
11246,1,-105.8718749,40.8336472
3770,1,-105.3781175,42.34581991
8612,1,-106.0666462,40.09008217
19772,1,-104.3514398,36.94319695
5709,1,-107.1340021,38.91566479
15884,1,-104.5819645,37.04350561
9756,1,-106.5960795,39.55117097
19317,1,-107.3734896,38.98657496
2916,1,-106.3810812,38.24389323
19412,1,-107.3330927,38.05089507
20978,1,-105.3574252,36.19139357
2455,1,-108.1948725,38.439834
3688,1,-106.597215,39.62856598
381,1,-105.1132513,37.56293173
6910,1,-106.8802008,40.26622276
521,1,-106.1667708,39.06708767
8945,1,-104.3638762,37.04097623
9717,1,-106.7320499,40.88276802
20249,1,-105.5488951,36.14715669
8925,1,-105.4646268,39.60053244
6177,1,-104.9514004,37.9838734
20287,1,-107.1283336,40.79735773
19599,1,-105.5759846,36.05887286
15963,1,-106.4247482,41.25747945
13825,1,-106.1776553,36.80977949
11493,1,-108.1339123,37.8528404
4674,1,-107.58247,40.1681916
17791,1,-106.406496,38.63633514
15372,1,-107.3070814,39.83839116
10273,1,-106.228921,40.99551024
15325,1,-107.7208826,39.89286125
10121,1,-106.7326998,38.84417468
5762,1,-106.8099684,40.26223076
462,1,-106.5407794,36.82005927
6694,1,-107.0404805,39.25527407
20677,1,-106.5600898,41.30100425
9933,1,-107.8056106,37.3345745
13090,1,-107.4140026,37.7673315
8123,1,-107.3297371,40.10512441
7704,1,-105.7542117,35.95351543
17975,1,-107.2632532,39.07456237
5154,1,-105.797265,42.74949629
16575,1,-106.7103744,36.94484314
7281,1,-107.9715699,37.51896816
3768,1,-106.1258366,36.65716398
15401,1,-107.5697027,39.19701573
8232,1,-107.823101,39.13954969
9379,1,-105.6118271,39.85033673
5167,1,-107.4233009,40.79297935
13078,1,-107.6040673,38.39459093
4870,1,-106.1272007,38.52361493
20559,1,-107.7790175,37.74918212
7273,1,-106.0420655,41.13570625
5125,1,-106.174475,38.32319582
7077,1,-106.4274716,36.51825864
12176,1,-106.9168433,39.53388233
9281,1,-107.3246401,37.11019447
11565,1,-106.7892823,37.1093959
10107,1,-107.2712844,37.60932023
20389,1,-106.18495,38.39786562
4458,1,-105.6631571,42.63666822
19747,1,-106.7652144,40.12200918
10721,1,-108.0858284,37.57941158
844,1,-106.3977689,38.84172213
13257,1,-107.6414855,37.78366516
6197,1,-106.7547205,37.69285068
13209,1,-106.1794824,40.2848177
4865,1,-107.1643271,37.96196594
4565,1,-106.9355505,37.45244594
4184,1,-106.392571,41.53866183
1146,1,-107.0418617,38.74060474
7107,1,-106.7546532,38.75682672
19027,1,-107.2903213,41.05493831
3519,1,-107.4050503,39.18902376
3657,1,-107.0710003,38.55951143
18525,1,-107.2246199,41.3013719
2269,1,-106.1761053,41.15533523
7523,1,-106.8131714,38.01316748
15043,1,-106.6725116,36.98086133
9863,1,-105.0725866,38.93739652
18371,1,-107.0648716,41.08255985
11840,1,-106.6316238,37.73760153
19875,1,-106.7220384,38.75532161
6002,1,-105.1972103,40.59946787
7075,1,-108.2702957,38.3596875
10575,1,-106.3317384,38.02055877
12986,1,-107.09954,37.20987775
8308,1,-106.4252417,39.49825848
18818,1,-107.3050985,39.58521954
21136,1,-105.7484275,39.27087127
17443,1,-105.4289297,36.29888068
6649,1,-108.1319111,39.07865572
4685,1,-107.1375092,37.19786458
11656,1,-106.6823696,39.82806018
2860,1,-105.6829477,35.75264032
8373,1,-107.3943595,39.61752583
8152,1,-105.1428113,36.59834329
6971,1,-106.5438297,35.74176443
